Area,NumRooms,NumBathrooms,YearBuilt,Location,LotSize,HasPool,HasGarage,NumFloors,NearbySchools,CrimeRate,PropertyType,GarageSize,Walkability,YearLastRenovated,Price
2185.430534813131,,3,1967,Suburban,1728.2735474612696,0,0,1,1,0.6642193849889683,Townhouse,2,5.8271444934468155,,213627.0
4778.214378844623,1.0,2,1911,Urban,4626.821608886454,1,0,1,1,0.881690611843508,Duplex,2,8.124738210441716,2014,838276.0
3793.972738151323,1.0,3,1958,Rural,2561.720634878578,0,1,1,0,0.8141256855911618,Single Family,1,3.2694102433667527,,389014.0
3193.9631788866645,1.0,1,1936,Suburban,7254.559800122155,0,1,1,1,0.6851343098744841,Condo,2,3.057439574472911,,137394.0
1202.0838819909643,5.0,4,1960,Urban,4114.89753884007,1,0,2,1,0.11043186341110267,Duplex,1,4.027037209945602,2014,938489.0
1201.9753415129119,4.0,3,2000,Urban,9780.491807739234,1,0,2,1,0.28918744629594983,Townhouse,2,6.725072626736491,2014,179795.0
761.3762547568977,5.0,3,1942,Suburban,6768.7486961079885,0,0,2,0,0.309806875322469,Townhouse,1,6.821916892550988,,442553.0
4397.7926559872085,4.0,4,1969,Suburban,8402.325072709249,0,1,1,1,0.24995694639762123,Condo,1,3.152394346494508,2014,899448.0
3205.0175528444397,5.0,3,1938,Urban,2192.7220546766357,1,1,2,0,0.5150056597097231,Condo,1,1.3320992413662869,,142137.0
3686.3266000822045,5.0,3,1955,Rural,8758.130340453603,0,1,1,1,0.5355538148796726,Condo,1,6.323962564655085,,493369.0
592.630224331111,6.0,2,1962,Urban,9304.814714620548,0,1,1,0,0.3568859751711102,Condo,1,1.2832586218876452,2014,238925.0
4864.594334728975,3.0,4,1945,Suburban,5383.5572693704235,0,0,2,1,0.353789158736436,Condo,2,5.7849250822933005,,636667.0
4245.991883601898,5.0,1,1987,Urban,6456.276439758797,0,0,2,0,0.8285555979060814,Single Family,1,6.93422128056309,,221169.0
1455.5259980522428,6.0,3,1910,Suburban,7883.288208126959,0,0,1,0,0.7892928483196856,Single Family,1,7.006114963944516,,269439.0
1318.2123524319527,2.0,4,1961,Suburban,2573.547645343713,0,0,1,0,0.30779583168074565,Duplex,1,7.534721106595967,2014,249172.0
1325.3202943404522,3.0,2,1976,Rural,5523.0946881709815,0,0,2,1,0.9137884438732593,Townhouse,1,8.728594215656646,2014,750370.0
1869.0900933179198,5.0,1,1997,Suburban,4587.967249950818,1,0,2,1,0.952815017002506,Single Family,1,4.999589919647884,2014,475233.0
2861.4039423450704,1.0,4,1924,Suburban,2317.365929460242,1,1,2,1,0.32674254203004083,Single Family,2,7.302491895295712,2014,635337.0
2443.752583889521,2.0,1,1970,Rural,4307.809800623783,1,1,2,0,0.35442494879305486,Single Family,2,6.191727353658367,,494002.0
1810.5311308911887,2.0,1,1951,Suburban,1613.550784469442,1,0,1,1,0.5056341534219588,Duplex,1,1.8663993979768256,2014,563120.0
3253.3380262507076,6.0,1,1903,Rural,1232.3071625453829,1,0,2,0,0.9411208125336735,Condo,2,0.2568964486940817,2014,786059.0
1127.7223729341881,2.0,3,1958,Rural,2216.496602393405,0,1,2,1,0.8763194331423115,Duplex,1,2.845413856769338,2014,934123.0
1814.6509184084816,3.0,3,1971,Suburban,9668.036004302565,0,1,2,0,0.1025679625835898,Townhouse,2,4.430337063376194,2014,268112.0
2148.6282948216126,5.0,2,1919,Suburban,5945.765823055152,0,1,1,0,0.3927307432714162,Townhouse,2,6.171059444286563,,873815.0
2552.3149289766616,5.0,2,1992,Urban,9692.39945037898,0,1,1,0,0.5533711897497718,Townhouse,1,8.499593305032054,,324062.0
4033.291826268561,1.0,4,1962,Rural,4892.480904971188,1,0,1,1,0.50313247255154,Townhouse,2,1.9624571670616564,,157986.0
1398.5320197126189,6.0,2,1953,Urban,3806.3451977673362,0,0,1,1,0.19386306793689267,Single Family,2,1.255497898984771,2014,531978.0
2814.0549728612523,1.0,1,2016,Suburban,5555.2767655621965,0,0,2,1,0.8588167711681547,Single Family,1,9.634799474743275,2014,778960.0
3165.865559879191,2.0,1,2014,Urban,4955.605197696192,1,0,1,0,0.6769407829968374,Duplex,1,1.0804455937640711,,456918.0
709.0268572399898,1.0,3,2008,Rural,1950.9821583556952,0,0,2,0,0.8379083748518036,Condo,2,4.784910701071892,2014,846137.0
3233.9518335564726,3.0,1,2009,Urban,6767.436832211856,0,1,2,1,0.8587642793494722,Townhouse,2,5.8556372879330185,2014,841063.0
1267.358556592812,5.0,4,1973,Rural,2944.3436425863965,1,0,2,1,0.7483558536657398,Duplex,2,5.413744209074382,,205315.0
792.7321684337578,2.0,1,2006,Suburban,6576.291594080466,0,1,2,1,0.43921060124971734,Single Family,1,0.860321570329432,,419348.0
4769.984917639999,1.0,1,1997,Suburban,6851.80983158338,0,0,1,0,0.6105467550154245,Single Family,2,0.5702691400361937,2014,382229.0
4845.344148835517,6.0,4,1956,Rural,2368.223678157833,0,0,1,0,0.16036540611974315,Condo,2,1.0548342746103567,2014,802214.0
4137.7880665240755,3.0,2,1989,Suburban,1552.1466439960134,0,0,1,0,0.6736454174749077,Condo,2,5.855876838726125,2014,568013.0
1870.7619612801682,3.0,2,1940,Suburban,8026.854274615958,0,0,2,0,0.17925325573928075,Condo,1,5.443448876343211,,839629.0
939.5245130287274,1.0,4,2012,Suburban,5138.203813923881,1,0,2,0,0.6939495905101568,Duplex,1,2.3374079203674425,,795139.0
3579.048619304706,5.0,3,1902,Suburban,1523.4741595492821,1,1,2,1,0.22959816075396866,Single Family,1,6.377741418455916,,811567.0
2480.686221828206,1.0,1,2019,Rural,9953.796854527904,1,1,2,0,0.11755130015021997,Single Family,1,8.200675020556494,,325687.0
1049.1720568015048,2.0,4,1905,Urban,1520.0250489672999,1,1,2,0,0.16528449014295743,Condo,2,0.41578959846593766,2014,396124.0
2728.2960955007156,1.0,1,1904,Urban,7255.317059726978,1,0,1,0,0.001992135219070268,Townhouse,1,4.981299435480424,,942549.0
654.7483450184827,3.0,3,1904,Suburban,9853.110327370723,1,0,2,0,0.7187396178535302,Condo,2,6.893104121026903,,367819.5
4591.941809354519,1.0,1,1953,Urban,3152.6209379433303,0,1,1,0,0.7324010490583791,Duplex,2,2.5231192706968706,2014,764704.0
1664.5099172000762,5.0,4,1946,Urban,2280.2443181847657,1,0,2,1,0.5149333499132595,Condo,2,3.0777090529314908,2014,115896.0
3481.350279592919,6.0,1,1986,Suburban,2092.46445480186,1,0,2,0,0.1613628010553837,Condo,2,6.136379029893838,2014,189353.0
1902.6998424023493,4.0,2,1948,Suburban,3729.47632810836,0,1,1,0,0.08355433751068975,Duplex,1,8.979352934437369,,129813.0
2840.3060953001486,1.0,3,1908,Urban,1909.4122990958203,0,0,1,0,0.01912896643728701,Condo,1,8.099244203028993,2014,839791.0
2960.1962570447586,,3,1998,Rural,7229.452075247187,1,1,2,1,0.1657481769652207,Single Family,1,5.831302190995835,2014,165679.0
1331.8450498648717,5.0,3,1919,Suburban,1560.6261831705642,0,0,2,1,0.8908555349831467,Townhouse,1,7.3022171775724924,,766041.0
4863.130824940514,6.0,4,2012,Rural,5584.799153348107,1,1,2,1,0.24153684170168177,Condo,1,3.6482247020779868,,1242394.5
3988.0977051250156,3.0,3,1960,Urban,9970.27168467679,0,0,2,0,0.35427132721721566,Duplex,2,6.409655280987577,2014,889660.0
4727.745237038851,5.0,2,2005,Suburban,8325.732425554168,1,0,1,1,0.10534548448133318,Townhouse,1,4.6618159112755695,,497798.0
4526.72307692442,5.0,4,1934,Rural,6536.974944079098,0,1,2,0,0.22236130474817029,Duplex,1,1.8993613645756091,2014,309755.0
3190.549904649883,5.0,2,1949,Suburban,3756.282587079505,0,0,1,0,0.5192245707802051,Townhouse,1,7.017382738772572,2014,373541.0
4648.434057604026,5.0,1,1981,Urban,6615.062526624746,1,0,2,1,0.6077526830956526,Townhouse,1,5.56464637348822,,399155.0
898.2162592336377,2.0,1,1961,Rural,5743.373175204864,1,1,1,0,0.24535231416621106,Condo,2,3.586215819535914,2014,703471.0
1381.9228808861535,2.0,1,1916,Urban,4834.7504550133435,1,0,1,0,0.05773215922511721,Single Family,2,9.113391900786308,,455398.0
703.5228000974213,,1,1987,Urban,2176.3933906617954,1,1,2,0,0.39103286912739865,Condo,2,0.20934117826733267,,537480.0
1963.9864884346896,1.0,2,1902,Suburban,8979.4379371642,1,0,1,1,0.23420337092633414,Duplex,2,3.1577315124949603,,666605.0
2249.047803602669,5.0,4,1931,Rural,5048.061839391903,0,0,2,0,0.21955392322980194,Duplex,2,0.5688139777764656,2014,278986.0
1721.0706429825316,6.0,4,1998,Urban,2751.602606386886,1,0,1,0,0.9598628027134553,Townhouse,1,7.6652731622162715,,315705.0
4229.318791183682,1.0,3,2001,Urban,4309.834157895606,1,0,2,1,0.6163004859257241,Townhouse,2,7.021074541137926,,988921.0
2105.3899701211517,6.0,2,1912,Rural,4727.167772760344,0,1,1,0,0.5568784431720959,Single Family,2,3.31352218736317,2014,800614.0
1764.2052935932134,1.0,1,2019,Urban,8447.84106010187,0,0,2,0,0.4157751035233219,Condo,2,6.75662902207073,2014,402240.0
2942.132374212118,3.0,2,2010,Urban,7602.5294250526185,1,1,2,1,0.42894433343014426,Duplex,1,3.9593722619594987,2014,415929.0
1134.1590123864319,5.0,3,1988,Rural,7923.7440427720585,0,0,1,0,0.5409050038380808,Townhouse,1,7.562537914224343,2014,152344.0
4109.886413393178,5.0,3,1972,Rural,1099.281379857825,0,0,1,0,0.6964298070361072,Single Family,2,4.5418366273670605,,870348.0
835.4778965589687,,2,1967,Rural,4745.3859836178535,1,0,1,0,0.7021460961818294,Duplex,1,4.122797278316655,,575859.0
4940.991214702328,6.0,2,1913,Rural,5332.097364717913,0,0,1,0,0.17169390770544957,Townhouse,1,9.347299154883009,,823906.0
3975.101461834958,1.0,2,2000,Suburban,1172.7304914075103,0,1,2,0,0.500112752076627,Duplex,2,2.5087909989070023,2014,558819.0
1394.2205669037758,1.0,4,1997,Rural,3338.318878705308,1,1,1,1,0.41195809503410197,Single Family,1,1.2044733999656543,2014,259484.0
524.8495270562108,2.0,1,1910,Suburban,7842.608408099215,1,1,2,1,0.8705269662693842,Single Family,1,5.845431132594582,,210489.0
4169.576428046754,4.0,2,2004,Suburban,2233.9873515609916,0,1,1,1,0.6314189212183764,Duplex,1,9.693218122841788,2014,544874.0
3680.858047314277,2.0,2,1955,Suburban,5817.791183073325,0,0,2,1,0.5325040664159818,Condo,2,3.7783921372718665,2014,593057.0
3780.5322561844428,,2,1966,Urban,2936.8168481551374,1,1,2,0,0.11539464217891737,Duplex,2,0.6203676362878152,,542765.0
3970.7165600867556,2.0,3,1991,Suburban,1109.0869717950395,0,1,2,0,0.6056378893234114,Townhouse,2,3.3930526730956743,,882955.0
833.2009328034067,6.0,3,1928,Suburban,3170.8131183958735,0,0,2,0,0.11720390568023342,Condo,1,5.059316543195584,2014,111549.0
2113.0957784492266,6.0,4,1908,Urban,9782.863794190484,0,0,1,0,0.33720657556575206,Townhouse,2,1.619230066322137,2014,564432.0
1021.4107678630837,3.0,1,1966,Urban,8213.834006946905,1,0,1,0,0.14284196481433187,Duplex,1,6.58102218056492,2014,125739.0
4383.965416440171,3.0,4,1924,Urban,9636.1897988893,0,0,2,1,0.6920736470243689,Condo,1,9.977493890102005,,907641.0
3304.8415707240106,2.0,1,1997,Rural,5390.686395337262,0,1,1,1,0.2062521138361526,Townhouse,1,4.517394759814438,,731339.0
1989.0411118369213,4.0,3,1975,Urban,1987.6257880975315,1,1,1,0,0.391859373188026,Duplex,2,3.5472855673021266,,115116.0
786.0125762871064,1.0,3,1941,Urban,5931.635400763236,0,0,2,0,0.8956747776187787,Duplex,2,4.007041668344666,,966499.5
1899.4204477204798,6.0,3,1908,Suburban,5089.396011039647,0,0,1,0,0.2043163833989703,Condo,2,1.1514617839520114,,135709.0
1963.3249491203617,4.0,4,1978,Urban,8599.213744656543,1,0,1,1,0.5078050639587791,Duplex,2,8.832736014262238,2014,930049.0
3783.227802521288,5.0,2,1939,Rural,1882.7432270582012,1,1,1,0,0.419271661166022,Single Family,1,4.1482565552135195,2014,782265.0
3369.008621098459,6.0,2,1924,Urban,5394.170233196003,1,1,2,0,0.018124041045729733,Townhouse,2,3.8727441142484134,2014,827963.0
4492.457341593469,6.0,3,1904,Rural,2350.4379822458586,1,0,1,0,0.7927581135728128,Townhouse,1,6.596902729304743,,329167.0
2624.967163228772,,2,1910,Urban,3922.0833420105396,0,0,2,1,0.06904590631459973,Duplex,2,4.420334209311235,,405063.0
1038.1741067223577,1.0,2,1958,Urban,7636.2136964901965,0,1,1,0,0.4742550209769536,Duplex,2,6.482334688078461,,969953.0
3709.6015425034775,1.0,4,1997,Urban,5284.163164318898,1,0,1,1,0.5606782949389499,Single Family,2,0.6144629013078751,2014,586121.0
3923.5327187760386,5.0,1,1987,Urban,4382.994566311923,1,0,1,1,0.6284264566145871,Condo,1,8.137233437222275,,319222.0
3025.747389062733,5.0,3,1978,Rural,4550.286507130318,0,1,2,1,0.6886316293078756,Duplex,1,9.405039528794026,,813806.0
3969.3523097955244,6.0,3,1937,Rural,5135.0209156538795,1,0,2,1,0.2532723835227151,Duplex,1,6.487653861593859,2014,807788.0
2722.080183639758,2.0,4,1971,Suburban,8065.148894533512,0,1,1,1,0.009978776658449373,Duplex,1,9.545659288588107,,892879.0
2852.297732218973,3.0,4,1904,Rural,9028.76220046211,1,0,2,1,0.723443662354912,Duplex,1,1.514323143699633,2014,629787.0
2423.934582613473,3.0,2,1947,Urban,9598.012178535355,0,0,1,0,0.5356565993475786,Townhouse,2,4.774161894803537,,663329.0
614.3860703484283,6.0,3,1989,Suburban,8082.130476297656,1,1,2,0,0.8361177032072488,Duplex,1,6.018067339454473,,393459.0
985.51142146987,4.0,1,1917,Suburban,3838.6620617321146,1,1,2,0,0.8213883629006943,Townhouse,1,5.817366474211867,2014,232371.0
641.4313355903041,2.0,4,1969,Suburban,7193.21235477888,0,0,1,1,0.8433261677878832,Duplex,1,4.014617790890433,2014,482650.0
3363.8468506870117,6.0,1,1936,Urban,4938.428116498528,1,1,1,0,0.48509465997954015,Condo,1,3.380844093662614,2014,760354.0
1914.60191484347,2.0,1,1959,Rural,3292.0355984144608,0,0,1,1,0.33362839583686565,Single Family,2,1.268240225504188,2014,850774.0
2788.5681102411627,2.0,3,1947,Urban,8567.844214833303,0,0,1,1,0.79155820259137,Condo,1,3.917424505622782,2014,312235.0
4584.049132667418,2.0,3,1976,Suburban,1345.837140660925,0,1,2,1,0.45129411302925493,Duplex,2,1.6266081510548513,2014,882119.0
1621.8150311699374,6.0,4,1927,Urban,9115.857929218811,0,0,2,0,0.1834421964034345,Duplex,2,7.3436567649221836,,453791.0
2346.723153660334,3.0,3,1968,Urban,5153.297181622607,0,0,2,1,0.8549740195614743,Duplex,2,2.0883093549459,,394499.0
3899.980123443719,3.0,3,1976,Rural,6734.813291274524,1,1,1,1,0.8825598767723473,Condo,1,0.5856530528453385,2014,435949.0
1529.591744712301,2.0,3,1980,Rural,6934.185299852044,1,1,1,0,0.4663097561401701,Duplex,2,5.523661378172343,,430511.0
846.4095942295685,4.0,1,2013,Suburban,9056.059666358828,0,0,2,0,0.07569972730978747,Condo,1,5.952297327194016,2014,472050.0
1803.8815381119562,1.0,4,1939,Urban,6730.027139504866,1,1,1,1,0.38782608991693124,Townhouse,1,8.719130612805055,,479553.0
1225.4957926430197,6.0,2,1944,Urban,6525.4022628405555,0,1,2,1,0.8035376594626034,Single Family,1,5.769816124176819,2014,963787.0
4683.639435541579,1.0,1,1995,Rural,1599.8683650462096,1,1,2,0,0.9017740285462287,Single Family,1,3.4548085372344572,,216220.0
4136.5417080398765,4.0,3,1961,Urban,5665.672197506837,1,1,2,0,0.20347274249759584,Condo,1,8.030118815263204,,321421.0
3350.3169042969057,6.0,1,1992,Urban,2351.521007353375,1,0,2,0,0.06697361202527152,Townhouse,2,5.402788931874211,,449317.0
4421.5726558447295,,3,2014,Urban,7636.90391849337,1,0,2,1,0.8773504531328387,Condo,2,0.7928028463119174,,888428.0
4116.524346046015,3.0,3,1957,Rural,5609.9972873140705,0,0,1,0,0.3894049389788753,Townhouse,1,5.6585056031324665,,875359.0
1339.5652649871613,1.0,1,1966,Suburban,7122.05001287518,0,1,1,0,0.5417609642675633,Duplex,2,9.080185454216624,2014,930819.0
4516.5154932049,5.0,4,1955,Suburban,1375.0561054214584,1,1,1,0,0.9680658120507589,Townhouse,1,3.9631262549822055,2014,103089.0
2927.0400886204284,5.0,3,1939,Urban,1763.128144412229,1,1,2,1,0.06656472791422285,Townhouse,2,2.9632580189980007,2014,985259.0
4133.480698238282,4.0,4,1997,Suburban,7446.91049256414,0,1,2,0,0.6483180074520956,Townhouse,2,1.4346945701802005,,382803.0
4532.41084965572,2.0,2,1939,Rural,1648.7590239880603,1,1,2,0,0.07410542257486707,Single Family,2,1.5144552193535732,2014,407322.0
1931.0156373733873,1.0,3,1990,Rural,1641.3105498873274,0,1,2,0,0.3754689284665004,Townhouse,2,4.327714843418189,,613269.0
995.2336603745455,2.0,4,1976,Suburban,1108.976277113987,0,1,1,0,0.8038145451934468,Duplex,2,5.956798241615296,,720253.0
1525.7082314387376,1.0,4,2008,Suburban,9608.512584695321,0,0,1,0,0.4334722327556344,Duplex,1,0.8061540516960175,,705556.0
2421.9850488181537,4.0,2,1932,Urban,7637.575235131062,1,0,2,1,0.9971823539029504,Duplex,1,9.395685890251658,2014,670779.0
4181.066446651219,4.0,4,1905,Suburban,4179.262676518578,0,1,2,1,0.5590592849466022,Townhouse,2,7.55133617445196,,468615.0
4373.287624653545,5.0,4,1987,Urban,3668.820231588897,1,1,2,1,0.3211621526359535,Condo,1,5.866239182836627,2014,301798.0
531.2845873903582,2.0,2,1918,Urban,4147.329067712646,0,1,1,0,0.22011132590475313,Condo,2,8.284386709389908,2014,432255.0
2798.3628615990456,6.0,3,1979,Rural,7971.881780630637,1,0,1,1,0.3505205342861618,Duplex,1,0.8018675681211329,,337103.0
2378.3495141695057,5.0,4,1939,Rural,6952.335499633729,1,0,1,1,0.3725332737595508,Single Family,2,4.768388777331244,,869042.0
1499.485147118286,,4,1991,Rural,2666.7601108072113,1,1,2,1,0.06871367772396098,Condo,2,6.300931268616634,2014,789925.0
1039.3941530015727,5.0,4,1996,Rural,2566.984018006759,0,1,2,0,0.36957419942677316,Townhouse,2,8.286529061182893,2014,986867.0
2019.2682713163258,6.0,1,1958,Suburban,1885.5608474205758,0,0,1,0,0.4642385197392249,Condo,1,7.834695600492677,2014,189242.0
4743.093667606337,3.0,2,1958,Rural,6942.724477312043,1,0,2,1,0.7227377522388047,Duplex,1,2.7706924971339966,2014,475348.0
1954.4131940933985,3.0,1,1947,Suburban,7879.353959995624,1,0,1,1,0.656729484721608,Single Family,2,9.408801695592043,2014,253956.0
2834.5577978451474,3.0,2,1940,Rural,3385.4178549250364,1,0,2,0,0.7087656552291542,Condo,2,1.2434584143087035,2014,903631.0
3663.5853150283,3.0,3,1912,Suburban,1188.5046492782153,0,1,1,0,0.008363681876857099,Condo,1,8.751336186211521,,684326.0
2136.3332107068227,1.0,3,2006,Urban,1739.5450072878461,0,0,2,1,0.21766739958053605,Duplex,1,9.709402496046186,2014,682074.0
4873.019372244323,3.0,4,1944,Suburban,9710.740313605274,0,0,1,0,0.6616842883998565,Single Family,1,1.7715352322262556,2014,996068.0
4831.0128272395,6.0,2,1988,Suburban,3659.0029972967823,0,1,1,1,0.48398936817974714,Single Family,1,7.220660642037853,2014,860330.0
1633.0203312141387,4.0,3,1952,Rural,7923.008330543203,1,0,1,0,0.005313475668345946,Duplex,1,0.40285518777998464,2014,935726.0
2737.6182765157346,4.0,2,1941,Suburban,6621.972119688374,1,0,1,1,0.8044946424318223,Townhouse,2,4.0542282513915495,,833375.0
1853.9523941754635,1.0,3,1999,Urban,4437.456756876063,0,0,1,1,0.7728095732903374,Condo,1,5.162832991976741,,265250.0
1781.7822246986043,3.0,1,1962,Urban,2851.1853597599957,0,1,1,0,0.5484191629935626,Townhouse,2,5.806452259096341,2014,622820.0
665.9912630953976,3.0,3,1926,Rural,2092.477763434658,1,0,2,1,0.06646332577627212,Condo,2,9.359372482485595,2014,362678.0
3243.0395029095357,3.0,1,1937,Urban,6535.1167123498,0,1,2,1,0.7665150495325846,Condo,1,6.722506872941947,2014,978260.0
2762.0556045298767,5.0,3,1959,Suburban,7971.704025740092,0,1,2,1,0.583713587731364,Townhouse,1,4.81277951219237,,922564.0
731.6543806249521,2.0,4,1906,Urban,6795.138281870176,0,0,1,0,0.7819599771579592,Duplex,2,8.096750362658893,,398254.0
1753.9090890647515,,1,1904,Rural,5772.719199242425,0,0,1,0,0.7517469923958404,Duplex,1,9.50532820954409,,814114.0
4587.196486849942,2.0,3,2006,Suburban,1377.5610108847263,0,0,2,0,0.8030020719578371,Condo,2,0.22066148682290843,,950012.0
1578.028508001376,3.0,4,1944,Rural,9716.398998349454,0,0,1,1,0.5180080664046248,Duplex,1,9.825212722560387,,515685.0
1152.0269244105039,3.0,1,1957,Suburban,8188.427724891171,1,1,1,0,0.140324518193515,Condo,1,0.8613213906368034,,426160.0
2702.5374212490337,5.0,4,2014,Urban,3635.3983303086825,0,0,1,1,0.6711574733796887,Duplex,1,8.143867792687614,2014,146233.0
4935.427043497703,5.0,2,1930,Rural,9819.732964229655,0,0,1,1,0.6204737850519706,Condo,2,2.803347525514125,,297780.0
1589.2487218017518,2.0,2,1922,Rural,6416.934306726899,1,0,1,0,0.7422531871990872,Duplex,1,1.3217965775387175,,551448.0
3524.6099633264535,4.0,1,1941,Suburban,6241.803923865218,1,1,2,0,0.1698810060507353,Single Family,2,4.398556397138349,2014,848810.0
3927.288268979229,2.0,3,1909,Rural,7732.658614865789,1,0,2,1,0.19497519990028922,Townhouse,1,6.4395657944761355,,206311.0
1569.3689479657985,5.0,1,1931,Suburban,8305.928092811238,0,0,2,1,0.8904095172193285,Single Family,2,3.80951845023475,2014,658697.0
3776.973568753368,6.0,4,2006,Suburban,6908.307465983524,1,1,2,0,0.7499777984520708,Townhouse,1,0.5456540828269896,,870519.0
2155.0240972366396,5.0,3,1952,Suburban,2152.8617172958,0,1,2,0,0.9082284887003229,Townhouse,2,5.994611396587166,2014,501954.0
3345.3762376711074,6.0,2,1929,Suburban,4044.4075539504856,0,0,1,0,0.7587153211639207,Condo,2,9.024032761106747,2014,596246.0
3350.883698424026,1.0,3,1938,Urban,9352.752762934448,0,0,1,1,0.5971553059903019,Townhouse,2,3.832153659472517,2014,910486.0
2910.9860783364134,5.0,2,1930,Suburban,3021.540506594667,1,0,1,1,0.6541327370278737,Single Family,2,2.1633277763082703,2014,129709.0
906.3039652448374,1.0,3,1981,Rural,4349.50321453762,1,0,1,1,0.88912792394001,Single Family,2,4.425773459328154,2014,733609.0
4258.861230151571,4.0,3,1999,Urban,4888.691946497764,1,0,2,1,0.5788067545119405,Duplex,2,0.4836271104878087,,100363.0
1943.5102923728114,,3,1901,Rural,4954.644907250069,1,1,2,1,0.6323913243283874,Single Family,1,8.204875844802748,,896790.0
1339.333296799344,6.0,4,1977,Urban,6516.456242450729,1,1,2,0,0.15647671600360058,Duplex,2,8.263408109501867,2014,594829.0
683.4881369964376,2.0,4,1976,Suburban,9487.682539702368,0,0,1,0,0.4739212201161027,Townhouse,2,5.880004634296284,2014,496456.0
3159.018244347088,,1,1992,Urban,3166.2344064925446,0,0,2,1,0.716397111958099,Single Family,2,3.5310288893838946,2014,565417.0
3549.0396282902707,6.0,1,1911,Urban,2093.5123867082625,0,1,1,1,0.2709426983163654,Townhouse,1,7.997833644457834,,145689.0
574.6452301753527,2.0,2,1938,Rural,2777.234408739436,0,0,2,0,0.20225418052453492,Single Family,1,5.546870247883672,2014,364080.0
2804.418762346764,5.0,4,1965,Rural,8982.324101883427,1,0,2,0,0.31382680822441555,Single Family,1,8.259323085500162,2014,998704.0
1519.2309883907208,,2,1995,Suburban,6812.297313896854,1,0,1,0,0.24150062799283345,Duplex,2,6.314587925830207,2014,715362.0
3403.2775568425245,1.0,1,1912,Urban,3573.1611031524412,0,0,1,0,0.21491263703639585,Townhouse,1,7.844054732127973,2014,275037.0
1284.6489305224613,2.0,2,1945,Urban,8343.522450717555,1,0,2,1,0.42485084286808694,Single Family,1,5.985629932177599,,308606.0
3609.2198214610967,1.0,1,1926,Urban,8752.329967270925,1,1,2,0,0.9078385138835341,Condo,2,4.141410682156662,2014,100882.0
2240.309058352418,1.0,4,2012,Suburban,8618.629048212502,0,0,1,1,0.5070596467387183,Townhouse,2,9.579458599261375,2014,513440.0
4715.284949315305,6.0,3,2004,Suburban,9270.33880275599,0,0,2,0,0.18792038081532303,Townhouse,1,5.411138248788447,,991659.0
1118.8442486569697,6.0,4,1916,Suburban,3270.1691815602544,1,0,2,0,0.07697166938087407,Townhouse,2,6.050895185405384,2014,879110.0
2034.7985797261633,3.0,2,2003,Suburban,7795.377358716504,1,1,1,0,0.6961561451379252,Duplex,2,2.2048763941474925,2014,225865.0
1010.6308455826509,5.0,2,1994,Suburban,5144.8554754672605,0,1,2,1,0.38279876443638783,Condo,2,6.256507894272765,,748033.0
4661.121282253533,1.0,4,1997,Rural,8577.986976010554,0,1,1,1,0.8218309465853593,Townhouse,2,5.716076494829439,,524041.0
4448.027090214415,2.0,4,1959,Urban,7556.416094454519,0,1,2,0,0.6595107686407702,Single Family,1,1.8483839794702495,,563956.0
1660.7373247182002,4.0,1,1963,Urban,7988.027018497522,1,0,1,1,0.7962414505413685,Single Family,2,0.5958709735314371,2014,128885.0
3469.9282071538055,1.0,2,1987,Urban,6905.456539129644,0,1,2,1,0.27194603941844875,Duplex,1,6.043593197147711,2014,795416.0
4177.499900905472,1.0,2,2008,Urban,2596.858925227362,0,0,1,0,0.6923589224610581,Single Family,1,7.636922693503205,,496419.0
2998.4036521975804,3.0,4,1934,Urban,5905.242270072445,1,0,2,0,0.2640619846937188,Townhouse,1,5.234013709220083,,815601.0
2883.4276026020293,5.0,3,2011,Urban,9862.027655720574,1,1,1,1,0.9390684794502916,Single Family,1,2.2677262531964573,,495460.0
1588.3353090520325,4.0,2,1969,Urban,9436.492598474071,1,1,2,1,0.6363742815333744,Townhouse,2,6.665219766930349,2014,460466.0
918.9624551265465,6.0,3,1982,Urban,1388.5636221731052,1,1,2,1,0.3245118001753421,Single Family,2,0.8010572660960225,2014,646144.5
4537.470910789971,6.0,4,1929,Rural,2483.333341564934,1,1,2,0,0.26951186229227264,Condo,2,4.418337048019546,,121584.0
4551.881257234987,2.0,4,1970,Urban,2185.5589610910574,0,1,2,0,0.1909265850716435,Duplex,1,1.6336675839842019,2014,894953.0
3348.9565577297058,4.0,1,1973,Rural,7533.81918986766,0,0,2,1,0.6946409588937278,Duplex,1,1.8445905105988336,,805377.0
2025.6340597191531,6.0,2,2004,Suburban,8360.067968712505,1,1,2,0,0.2187156129979273,Condo,1,2.0229394915820365,2014,919973.0
2071.443085756974,2.0,3,1995,Urban,2921.602296796047,1,1,2,0,0.5953032659274891,Condo,2,3.867070570439779,2014,653351.0
3766.800554916077,5.0,1,1997,Suburban,5552.674236566461,1,1,2,1,0.26463502692535734,Duplex,1,0.5115020562039763,2014,170268.0
4536.9961697865965,2.0,2,1962,Suburban,8566.3272521008,1,0,2,1,0.6619689447938686,Condo,2,3.977934409290982,2014,880594.0
4491.888909193028,6.0,1,1927,Suburban,7595.213902896256,1,1,1,0,0.8149397285405392,Townhouse,2,5.117074471147008,,750506.0
4009.4399563593074,3.0,4,1959,Rural,5880.134849426635,0,0,1,0,0.7780252431446532,Single Family,2,4.832942849663252,2014,480350.0
3389.142407694295,3.0,2,1978,Suburban,6313.129214128956,0,1,2,1,0.7608513309307817,Duplex,2,3.8278410040304056,2014,558168.0
878.6298424777198,3.0,1,1993,Suburban,5575.244922246519,0,1,1,0,0.18772240569225207,Condo,1,8.391466080707525,,848414.0
1227.329213425762,6.0,1,1936,Suburban,3677.936061869385,0,0,2,0,0.08838494698451871,Townhouse,2,1.453266924205041,2014,270635.0
4543.493848371856,3.0,3,1992,Urban,6085.197935731145,1,1,2,1,0.6989488284873856,Duplex,1,5.056967437813739,,270824.0
3228.930768468155,4.0,1,1921,Urban,7199.967718450816,0,0,1,1,0.3683472137943513,Condo,2,0.620414169565543,,850593.0
541.3867322748334,5.0,2,1967,Rural,8859.906242747269,1,0,2,0,0.4323462264033473,Duplex,1,0.7115567887790974,2014,495783.0
956.6219428971444,2.0,2,1919,Rural,6726.622185813233,1,0,2,0,0.031149092793391064,Condo,1,5.738658496770963,2014,509337.0
3485.757960986251,2.0,3,1995,Urban,7850.093833388422,1,1,1,0,0.2595764492750492,Duplex,2,5.66018424887821,,700699.0
522.7771273079841,6.0,2,1999,Rural,2440.644714591157,0,1,1,1,0.03367640387446402,Townhouse,2,8.78033512844457,,209876.0
1223.636231378744,3.0,4,2013,Urban,5154.017269778109,1,1,2,0,0.8791857726012476,Townhouse,2,5.5787367566007315,,447229.5
2969.3020521496373,3.0,2,1967,Suburban,1083.9845784438396,0,0,1,0,0.24339668321853047,Single Family,1,9.597910204048501,2014,784500.0
3613.5283896171195,1.0,2,1990,Suburban,3220.1097806946073,0,1,1,1,0.557337169573008,Duplex,2,0.4869484839992977,,764687.0
3433.8256677617023,5.0,1,1963,Rural,7538.155436017044,1,0,2,1,0.03897932066113041,Single Family,2,0.9800768478074107,,123331.0
1509.211892572519,4.0,1,1916,Urban,9926.289562144271,1,1,1,0,0.6668473913056581,Duplex,1,0.4406586157038139,,123004.0
3704.8064960639113,2.0,2,1911,Urban,1892.6028962849432,1,0,1,1,0.32302734575409386,Condo,2,1.8527685033354002,2014,338441.0
1567.6208937356002,1.0,3,1921,Rural,4613.448842751594,0,0,2,1,0.8979191869576658,Condo,1,5.412701109416781,,503708.0
1964.2986417167047,1.0,1,1916,Urban,8200.638718292435,1,0,1,0,0.8881181889340358,Single Family,2,6.4557218142742805,2014,548013.0
3859.211323031109,,3,1909,Suburban,2836.3207116600897,0,1,1,1,0.3252906183617478,Duplex,1,0.455851579486688,2014,289167.0
3423.348045712466,2.0,2,2017,Rural,5995.7645437205765,1,0,2,1,0.9009608956904679,Single Family,1,9.459708898455993,,949649.0
4321.5053472238005,6.0,2,1964,Rural,7597.641664267073,1,0,2,0,0.9961576734987788,Townhouse,2,8.42165376650381,2014,713332.0
3459.258015351545,4.0,4,1921,Urban,6543.869052341612,0,0,2,1,0.8254156641239481,Single Family,1,2.966124821570931,,895477.0
3057.3887150096225,1.0,1,1989,Rural,2692.2226115387452,0,0,1,0,0.844871347755229,Single Family,2,0.7718753022646796,2014,382260.0
921.5364552264161,1.0,2,2019,Urban,4198.4611181716555,0,0,2,0,0.2490087361090899,Condo,2,1.6988707321905727,2014,642955.0
2154.721113767451,5.0,4,1981,Urban,8054.126060368575,0,0,2,1,0.5767023988577563,Single Family,1,1.2694441375497267,,437201.0
1693.4106545677646,4.0,1,1949,Urban,5988.03862718815,0,1,1,1,0.06725591396736785,Duplex,2,1.2328377929894685,,698493.0
1597.9533952058762,1.0,2,1913,Urban,1047.0665218862146,0,1,2,1,0.09491793682166971,Condo,1,5.185616886657339,,127302.0
4878.547496386005,4.0,2,1963,Urban,7848.916840252845,1,0,2,0,0.9988926120332906,Single Family,1,2.458474424934003,2014,504499.0
2268.9397610004216,2.0,1,1946,Rural,1317.8021944621516,1,1,2,1,0.32663924942591094,Townhouse,1,3.5813971652914445,2014,262007.0
4514.20949829701,3.0,1,1928,Suburban,7711.6040445810895,0,1,2,0,0.7481839120488464,Single Family,1,9.895053333843224,,696822.0
3340.123816987683,1.0,1,1975,Suburban,2822.325041487137,1,0,1,1,0.8066650530268165,Single Family,1,6.843142489253448,,849702.0
4076.650865937418,5.0,2,1935,Rural,9622.661321074422,0,0,2,1,0.8580232710072292,Single Family,1,9.489806670470013,2014,262696.0
2761.8669189733646,2.0,2,1998,Rural,4311.466761718761,1,0,2,1,0.9976282974021565,Condo,1,1.425565550331156,2014,113440.0
3096.067480818616,4.0,4,1951,Suburban,3942.384547042712,1,1,1,0,0.24149648525686784,Duplex,1,3.8213947483256927,2014,473145.0
2716.3296221848877,,3,1975,Suburban,2339.992452992002,0,0,2,1,0.04035082685969971,Townhouse,2,5.547318032823543,,408645.0
1378.5934450912002,2.0,1,1906,Suburban,3750.4379394119337,0,1,1,1,0.411191517994586,Single Family,2,0.7675806188873802,2014,494485.0
3751.034518676774,1.0,2,1928,Suburban,8889.856856453805,0,0,1,0,0.13008066982894695,Duplex,1,0.04187443627957865,,894300.0
1763.475630983851,4.0,2,1910,Suburban,9967.009038645227,1,1,1,0,0.022425889162055124,Duplex,2,6.704343337969175,2014,785611.0
609.4218489415423,3.0,1,1932,Urban,4314.785774561635,0,0,2,1,0.3604268271414861,Condo,2,6.418195168014353,2014,440053.0
3404.625331582255,2.0,3,1905,Rural,5037.4956785908835,1,0,1,1,0.7837382510752364,Townhouse,2,4.107888099996117,,708811.0
1296.9980573317202,1.0,1,2010,Urban,7498.638443824633,0,1,1,1,0.5661806912250709,Condo,2,4.896440760320326,,794089.0
4732.063629588114,5.0,3,1978,Suburban,8975.762024185671,1,1,1,0,0.31277798921035405,Duplex,2,4.154430005920896,,640022.0
4792.678596511643,6.0,2,1931,Suburban,6337.399007681057,1,1,2,0,0.6543420054927197,Duplex,2,0.24005044844888856,2014,797789.0
4616.889755992019,4.0,3,1950,Suburban,4523.731283600464,0,1,2,0,0.23201818030881072,Duplex,1,3.353716062174624,2014,272409.0
2165.7141511494997,2.0,4,1974,Urban,4713.596567637614,1,1,2,0,0.014381446072085025,Condo,2,1.7708225539728983,2014,533541.0
569.5547743799034,2.0,2,1957,Urban,7260.5633184712615,1,1,2,1,0.7643533864364274,Townhouse,2,0.9842418910136874,,445744.0
4677.433531644764,,4,1986,Suburban,1028.9643724385082,0,0,2,0,0.6237430848640091,Single Family,2,9.567204338893498,2014,894865.0
2426.8286674279143,3.0,1,1925,Urban,6576.304037138566,1,1,2,0,0.76230262450096,Condo,2,5.993597250421656,,607173.0
4849.946685696513,5.0,1,1997,Urban,4199.437093972217,0,0,2,0,0.03893801668766561,Duplex,1,7.286562842366027,,764471.0
4836.289896901638,6.0,1,1945,Suburban,8147.775981493758,0,0,1,1,0.8371196278306522,Condo,1,3.153637432661175,,728274.0
4338.54254960312,5.0,3,1997,Urban,1836.9157584081895,0,1,1,1,0.6195262000363033,Duplex,1,3.931471294940152,2014,950185.0
1825.0200143131356,,2,1928,Rural,6293.820402535514,0,0,1,0,0.5633953507126401,Single Family,1,2.369239938967235,2014,738071.0
2232.9397787086637,1.0,1,1903,Rural,5328.756008975114,1,1,1,0,0.6246140481145316,Single Family,2,0.9696567096542474,,311655.0
4330.115021825856,5.0,1,1980,Rural,6780.929733147047,1,1,2,1,0.8644332468683641,Townhouse,1,1.790316374415838,2014,566836.0
1926.1490232032495,6.0,2,1998,Rural,1583.682350346715,1,0,1,1,0.5869365065589071,Duplex,1,7.975140452964858,,908183.0
1262.7173600874162,5.0,1,1912,Suburban,6219.854086853182,0,0,1,1,0.5809503798881793,Townhouse,1,6.7754580518377585,,771813.0
3005.6056810625755,6.0,4,2004,Suburban,6053.361291635713,1,1,1,1,0.9906791570657658,Townhouse,1,5.469288759854769,2014,841204.0
4712.696483723515,6.0,2,1938,Suburban,6045.940849745539,1,1,1,1,0.756730167068568,Single Family,2,4.75089872866768,,532184.0
3632.1340850373786,4.0,2,1914,Rural,6431.388999368093,0,0,2,1,0.4422938054511353,Condo,1,9.224342836561245,,261149.0
3065.2752654021424,6.0,2,2018,Rural,7088.21143503726,0,0,2,1,0.7073970000329277,Condo,2,0.727349477786684,2014,339654.0
937.2942219684585,3.0,4,1928,Urban,8244.900997126928,1,0,2,1,0.3892304716917885,Townhouse,1,2.8060081323791595,,527991.0
3267.532520146264,6.0,2,1928,Urban,3428.3864811539293,0,0,1,0,0.228875462483499,Single Family,2,3.4993785357071405,,289216.0
4955.242325469185,6.0,4,1974,Rural,8425.44469162056,0,1,2,0,0.5968518768877594,Duplex,2,7.824258122127878,,935002.0
1130.3780685643583,6.0,2,2015,Rural,5484.3011403710825,0,1,1,0,0.9281820981139515,Condo,1,9.925146201619713,,277169.0
2832.483435636815,1.0,3,1931,Rural,1693.5245122089805,0,1,2,0,0.9291395200154627,Townhouse,1,2.4067051475715306,,910935.0
4448.178823675799,3.0,1,1901,Rural,1526.9583631958128,1,1,2,0,0.3419052781054903,Condo,1,8.743073341370806,,758139.0
3833.45877989392,3.0,3,1946,Urban,4008.1448682645473,0,0,2,0,0.527677466221695,Condo,1,8.306227604317913,,973272.0
3636.570834478706,5.0,1,1977,Rural,8064.072794003208,0,0,2,1,0.2116358985698612,Duplex,2,2.2465739764176664,2014,231827.0
3661.1783779419916,4.0,4,1983,Urban,7369.128412668242,0,1,2,1,0.9956311094988834,Single Family,2,3.993325801992226,2014,401407.0
2117.710180488898,6.0,3,1921,Rural,8097.534682051658,0,1,1,0,0.9811179078679357,Duplex,1,4.096728692925192,,994923.0
1821.1632991902202,2.0,2,1974,Rural,5655.4215079744845,0,1,2,0,0.6495089297074473,Single Family,1,9.782206685265583,,417231.0
4142.125199653312,4.0,1,1926,Rural,4961.790981599415,0,1,1,1,0.8044140596774734,Condo,2,1.8089190137889832,2014,675770.0
4145.510276056313,4.0,1,1966,Urban,2327.0727403565556,0,1,1,1,0.7151001612837,Townhouse,1,7.99157971104782,2014,222989.0
4401.8254336104665,,3,1980,Urban,3953.734782483804,0,1,1,1,0.5931582190394682,Duplex,2,3.341927141731099,2014,510616.0
4609.58248650412,4.0,4,2007,Suburban,4906.174295564877,1,1,1,0,0.053347996988897695,Single Family,1,7.308703457761604,2014,926547.0
2801.04079487422,6.0,3,1955,Rural,1797.403867116555,0,1,1,1,0.45476434255266107,Condo,2,4.200110042956629,2014,376393.0
2756.823326092398,6.0,4,1991,Suburban,2985.5075744009014,1,1,2,0,0.6747863021674105,Single Family,2,5.7835976311654,,868543.0
4092.3283053504883,1.0,4,1992,Suburban,6384.02764657365,0,0,2,0,0.6775316138836847,Single Family,2,8.326117733261311,2014,734649.0
3424.8376884999434,6.0,1,1920,Urban,7620.968028152709,0,1,2,1,0.3731226184223836,Single Family,2,8.041655649838841,2014,911032.0
3658.850947659665,6.0,3,1946,Urban,9985.127602536546,0,0,2,1,0.9416919866580306,Condo,2,8.664231835397002,2014,399850.0
4081.067012462455,3.0,3,1979,Suburban,9398.019982092019,0,0,1,0,0.167357032236781,Townhouse,1,0.5961732534465902,,905654.0
4505.024038179048,6.0,4,2000,Rural,6783.086795816724,1,1,2,1,0.5003594462155606,Townhouse,2,6.920505530397448,,461185.0
2020.978205831911,1.0,3,1958,Urban,4791.232479646647,0,1,2,1,0.6908839765508228,Townhouse,1,1.3998737672176287,,990936.0
2190.123286879748,2.0,2,1983,Rural,6725.596282374095,0,0,1,0,0.6971358058918092,Single Family,2,4.1581856801841095,,141139.0
922.9187292839106,3.0,2,1905,Rural,8070.864562722088,1,0,1,1,0.6486389567688156,Condo,2,5.485884150546885,,739207.0
3102.2606344827827,2.0,3,1918,Suburban,2065.025718310486,1,1,2,0,0.27528821345186016,Single Family,1,4.027394847468307,,871965.0
661.7402320853394,3.0,3,1956,Suburban,4689.144007266594,0,0,2,0,0.15620656868662197,Townhouse,1,5.196116758030075,2014,403446.0
2595.1910815960705,5.0,4,1968,Suburban,8558.220570720554,1,1,1,1,0.6359403268267109,Townhouse,1,9.965263087986191,,325756.0
2941.9008561840947,4.0,2,1902,Suburban,4454.496567397397,1,1,2,0,0.5993021161394377,Condo,1,1.3521731371285473,,449982.0
1789.4356345772799,5.0,2,1900,Urban,6146.8504410446785,1,1,2,0,0.17935601028924097,Single Family,2,6.754560453364256,2014,764006.0
3158.7496725605483,6.0,1,1957,Urban,6289.924247759784,0,0,2,1,0.7051391455705633,Duplex,1,3.960009663856152,,768903.0
637.2511247257224,2.0,4,1937,Suburban,2660.286278202754,0,0,2,1,0.4551719917336564,Duplex,2,1.3300979890732878,2014,849856.0
668.0668493714649,6.0,1,1914,Urban,4260.118974870596,0,1,1,1,0.6677605916031529,Townhouse,1,1.5873676337430953,2014,778145.0
4201.702522968462,4.0,2,1933,Suburban,4010.601598677389,1,0,1,0,0.8373670797701507,Condo,1,9.49273106245617,,964785.0
2120.8578863506827,,4,1960,Rural,1235.7703767885832,0,0,1,0,0.16972842857692316,Single Family,2,8.796014967117621,2014,451136.0
1071.7723069334816,4.0,3,1934,Rural,1217.7258750221972,1,0,2,1,0.01914486799683668,Single Family,2,9.070419604150219,2014,937860.0
2850.0946702466194,1.0,4,1963,Rural,8485.273393081961,0,0,2,0,0.7791025863957868,Townhouse,1,9.915327758273865,2014,648065.0
3964.9709889437486,4.0,3,2012,Suburban,3457.6372897553115,0,0,2,1,0.6096974251526159,Townhouse,2,2.0831539000851795,2014,157939.0
1471.1946237357943,1.0,3,1924,Rural,5662.708896149339,1,0,2,1,0.6996395696221217,Single Family,2,3.5543933736406172,,546242.0
3303.007141185501,4.0,4,1923,Urban,3688.5301622989573,0,0,2,0,0.8381549749886426,Single Family,2,6.692190299248667,2014,972882.0
884.063592471956,1.0,3,1911,Rural,9466.113206038064,1,1,1,1,0.8028109348245005,Townhouse,2,4.838025398606472,,123548.0
732.5677452587347,2.0,1,1917,Rural,3333.6708297919636,1,0,2,0,0.9609201469288247,Single Family,2,4.183895333783335,2014,556437.0
2891.095842056666,6.0,2,1914,Rural,4866.911314650415,0,0,2,0,0.5359350788521182,Duplex,2,3.5781124933559303,2014,749837.0
2932.858047245479,6.0,3,2007,Urban,8854.572254361417,1,0,1,1,0.48849563265990537,Townhouse,2,5.937806319434522,2014,533917.0
3368.4345567419296,5.0,1,1979,Suburban,8577.402101126278,0,0,2,0,0.4018871998907301,Single Family,2,5.75593428640082,,544503.0
3767.411001751977,6.0,3,1926,Urban,2674.9127606164957,0,0,1,1,0.15369104284420454,Townhouse,1,1.6145783406424008,,237799.0
4891.334357581406,3.0,2,1971,Suburban,8223.789788161394,1,0,1,0,0.5726072328820224,Condo,2,4.71739837518439,,865820.0
2823.351567355379,4.0,1,1959,Suburban,5123.681980641034,0,0,1,0,0.2770125243259788,Townhouse,1,5.534717762098499,2014,281789.0
1953.3041282356069,5.0,2,1945,Rural,5346.719848768197,1,0,1,0,0.9213075122129755,Townhouse,2,5.702869387313905,2014,525643.0
4078.3378764591666,3.0,2,1988,Suburban,2201.3197517434937,0,1,1,1,0.5831908042770976,Condo,2,2.101071929123518,2014,772052.0
1718.745130679334,3.0,1,1916,Urban,1725.4136238141218,0,0,2,0,0.5928401805081102,Duplex,2,7.422713922522868,2014,655913.0
2475.3713931753628,1.0,1,1992,Urban,7551.4537627638865,0,0,1,1,0.35492466087701,Single Family,2,0.25199094821069634,,911350.0
853.0537160401968,6.0,1,1952,Suburban,5468.1503711976975,0,0,1,0,0.05198935197770749,Condo,1,3.5483185554316266,2014,534352.0
614.0783453695587,2.0,4,1907,Rural,4931.656323536616,0,0,2,0,0.03174376537298862,Townhouse,1,7.802126485356336,,739169.0
4831.917866050663,2.0,1,1978,Rural,7565.57405787157,1,1,2,1,0.4233351441531975,Single Family,2,5.638929210554023,2014,545625.0
4261.910542304926,5.0,1,1926,Urban,7889.616090919988,1,1,1,1,0.08456537809723785,Condo,1,2.611624325108602,,902009.0
3631.8839274216407,2.0,1,1945,Rural,2430.173509024182,1,1,2,1,0.6068469555401391,Single Family,2,6.949531193430477,,447299.0
2340.288249864215,4.0,1,1949,Suburban,6492.026345298772,1,1,2,1,0.8809730056396574,Single Family,2,5.673909441560734,2014,211776.0
1279.824440318806,2.0,3,2015,Suburban,2218.18674049917,1,1,1,1,0.8829148165187222,Condo,1,7.962436094563872,2014,985678.0
1203.9666920198872,5.0,4,1970,Urban,7762.375774261411,1,1,1,0,0.6590454101322324,Single Family,1,7.350251861898234,,858284.0
1626.093041740679,2.0,2,1902,Suburban,6912.5964064042555,0,1,2,0,0.211231831472931,Duplex,2,6.1010792203623465,2014,882119.0
2971.519991177542,4.0,1,1992,Urban,9609.531589751121,0,1,1,1,0.8629968313588721,Condo,2,4.88177675310814,2014,613624.0
3715.6816521502806,1.0,3,1963,Suburban,1620.6221472077905,1,1,1,0,0.8860934353132082,Duplex,1,1.331821256675234,,312803.0
3470.8881952297907,5.0,3,1943,Urban,1513.492490361289,1,1,2,0,0.1966535849529587,Townhouse,2,2.613330178853838,,258761.0
1759.7025362567429,1.0,3,1952,Rural,3539.683672238801,0,1,1,0,0.7374260857706773,Single Family,1,4.1909947291708525,,766514.0
4796.893762984373,1.0,2,1923,Suburban,3355.3511536231536,0,1,1,1,0.28651954892712295,Townhouse,2,5.992992870063887,,597873.0
3820.536125130958,1.0,1,1959,Suburban,3222.8091916479984,0,1,1,0,0.8026403123529297,Townhouse,2,5.137078552153048,2014,457092.0
2994.593236301303,3.0,4,1902,Urban,9156.29122468933,1,1,1,0,0.9972378999036027,Single Family,1,2.881845259595295,,121341.0
3252.7433580545853,6.0,4,1919,Urban,3245.915798645555,1,1,1,0,0.030026005329392813,Condo,1,0.06464357789710551,,459698.0
2388.2002809250544,3.0,3,1945,Suburban,3447.547535157679,1,1,2,1,0.8973658657909319,Single Family,1,4.962392219008139,,305753.0
1614.7894527552087,6.0,2,1914,Urban,7834.584361761674,0,0,2,0,0.622630533598658,Townhouse,2,2.856259885622431,2014,994230.0
2101.877053930677,1.0,2,1924,Suburban,5047.65858205486,0,1,1,0,0.9733826191648212,Townhouse,2,7.346083007105351,,408474.0
3910.307497089661,5.0,2,1993,Rural,7990.395012596631,1,0,2,1,0.4650095175264276,Condo,2,0.2394626527048349,2014,873429.0
564.7706988339014,6.0,4,1977,Urban,1588.2954180794673,1,1,1,1,0.8473879305713737,Single Family,2,5.8482781130579085,,449903.0
1022.3268822811231,4.0,3,1970,Suburban,5388.140743060459,0,1,1,0,0.06239406859827723,Townhouse,1,9.414742375060655,,823776.0
707.0118890978874,4.0,1,1916,Rural,1302.5224016495436,0,0,1,0,0.3352790500782957,Duplex,2,1.744092671114995,2014,880427.0
683.2796104353656,,4,2007,Rural,1563.8788310981909,0,1,1,1,0.06701653775120997,Townhouse,2,4.716494907505954,,448951.0
4349.572628049533,6.0,3,1983,Suburban,9157.937080099699,0,0,1,1,0.9753431334790705,Townhouse,2,0.9142199181713817,,919745.0
3666.4603672101066,5.0,3,1999,Urban,2253.2083400583565,1,0,2,1,0.8169739072718367,Condo,1,6.256819122613527,2014,409044.0
2633.7822308929635,3.0,1,1908,Suburban,5791.786140476954,0,0,2,1,0.8525474212459705,Duplex,2,5.505316805962256,,178840.0
940.2537229295067,1.0,1,1937,Rural,4699.860423406359,0,1,1,1,0.9379652314338942,Townhouse,2,4.073655242128323,,265767.0
2712.2714380257457,2.0,1,1947,Suburban,4126.089936329584,0,1,2,1,0.08510348611978535,Townhouse,1,5.213770214737412,,261297.0
2630.6229685125454,4.0,2,1959,Urban,9098.500111185453,1,1,1,1,0.38559759251333336,Duplex,2,8.965746584690102,,972504.0
1279.4084145950683,3.0,1,1962,Rural,1196.4105709794055,1,0,2,0,0.07103488904400213,Single Family,2,1.9629430231106704,2014,982799.0
2452.332421570879,,3,1985,Suburban,6974.107175580301,0,0,1,1,0.21079310155002862,Single Family,1,0.22564511705347234,,149156.0
2293.2713047881807,1.0,1,2017,Urban,9670.549907921953,0,1,2,1,0.22936577703767236,Townhouse,2,8.61664884699101,2014,308281.0
3271.3254412349743,6.0,3,2016,Rural,6041.513651156578,0,1,1,0,0.4691072110475787,Townhouse,2,5.771170823879065,,187453.0
3357.921428904397,,4,2016,Urban,9431.402158297826,1,1,1,1,0.2685621674536426,Single Family,2,8.906584554618425,2014,783189.0
703.8680439742003,5.0,2,1901,Rural,1470.320913574214,1,1,2,1,0.10097810681776109,Condo,1,5.969452234131726,,125938.0
2185.7567658191206,3.0,4,1987,Suburban,4769.139871667452,1,1,2,0,0.1674910890941077,Duplex,2,8.101610899597025,2014,159164.0
3316.369620714064,1.0,4,1971,Urban,3341.4201186584605,0,0,1,1,0.14727556355209093,Duplex,2,4.296733633551479,,547746.0
2764.1131636103946,5.0,3,1910,Rural,7577.388684826568,1,0,2,0,0.9730767979122983,Condo,1,7.498599312882687,2014,823559.0
4354.20428534745,,4,1963,Urban,9831.67381447522,0,0,1,0,0.7592925069184736,Condo,1,9.13041466889856,2014,684570.0
3464.1213422852525,4.0,3,1976,Urban,3308.7705619982303,0,1,2,0,0.967761465269562,Condo,2,5.721229637222063,,409945.0
1233.2049218664336,,1,1980,Suburban,6887.57141326667,0,0,2,0,0.43974048650790853,Condo,2,1.8078515056237954,2014,502681.0
817.5593633019344,3.0,1,1971,Urban,2782.878694837661,1,0,1,1,0.2783684816626566,Condo,2,2.6879761503019814,,365470.0
3390.8867519284204,5.0,3,1920,Rural,6087.972291144489,0,0,2,0,0.7982931972091867,Condo,2,1.9864457689740578,,782954.0
619.3008974372982,5.0,1,1917,Rural,5175.392380195026,1,0,2,0,0.3262539180411468,Duplex,1,2.468570275957329,,215819.0
3135.990115730585,5.0,2,1993,Rural,9748.047966683833,1,0,1,1,0.2993833737053483,Condo,2,3.0641544935103635,,366907.0
4731.0360864123095,3.0,4,1963,Rural,6476.745454268199,0,1,2,0,0.2325059922078312,Single Family,1,5.551337867531885,,581873.0
3089.633800441455,3.0,2,1981,Suburban,4145.557348781369,0,0,1,0,0.12967897822423535,Condo,1,5.879916294638328,2014,241900.0
2246.7646679293484,6.0,4,2009,Urban,2026.8620639914004,1,1,1,0,0.25646306101676597,Condo,2,4.264997472418611,,409732.0
3394.796982990589,2.0,1,2010,Suburban,2361.221458614411,0,1,1,0,0.3553197484738877,Duplex,2,6.154207798208354,,897653.0
2562.138007211825,6.0,2,1994,Urban,3027.8523695611157,1,1,1,1,0.6739942081457304,Duplex,1,0.8157492561136592,,504427.0
2955.275551921707,4.0,1,1937,Urban,3258.699952062682,0,1,1,0,0.06256484221945158,Condo,1,0.8778823705815997,,637857.0
4736.591639494363,1.0,4,1931,Urban,8655.54452057024,1,1,2,1,0.21050693966534295,Duplex,2,1.7182946035765845,,327966.0
2237.461870103484,5.0,3,1910,Suburban,6051.005094542725,1,0,1,1,0.8090236402916764,Townhouse,1,5.180774980403448,,137860.0
4825.357537207614,2.0,3,1944,Urban,5710.518202369298,1,0,1,0,0.14692192358377076,Duplex,2,2.1399467869831357,2014,302630.0
4574.077888802287,,2,1988,Suburban,2032.9198468229572,1,1,2,0,0.34264514652252154,Duplex,2,2.832844034925773,2014,931769.0
1381.060106551834,2.0,1,1932,Rural,8741.257240144914,0,1,2,0,0.8646589218581401,Duplex,1,4.0031283617299405,,623225.0
812.1258539382445,6.0,1,2001,Rural,7505.328728876353,0,1,2,0,0.15492531114344266,Duplex,1,8.118661240103798,2014,768875.0
953.5010061984199,3.0,2,1940,Urban,1609.0152571000142,1,0,1,1,0.0827368356181899,Single Family,2,0.13862135912860118,,695983.0
581.9982154319738,5.0,3,1907,Suburban,7370.515875067918,1,1,1,1,0.48453799508001083,Single Family,1,6.493788202366224,,353078.0
924.9933234016778,6.0,4,1910,Rural,5891.843956083814,0,0,1,1,0.3024195112785364,Single Family,2,6.688765310406853,,866887.0
3573.5304803736058,1.0,2,1985,Suburban,1735.5281117210043,0,1,2,0,0.5634083644838541,Condo,2,7.986557803566365,,468893.0
820.3489180710304,1.0,4,1950,Suburban,5124.705773757908,0,0,1,1,0.8038048904834751,Condo,2,9.327529390603132,,255976.0
1935.3903363219258,1.0,3,1987,Urban,5362.266584170423,0,1,2,0,0.13714848815274316,Townhouse,1,0.20137848949289827,2014,815295.0
4301.938899362545,1.0,1,1940,Rural,2491.970861469482,0,0,1,0,0.580699084554285,Single Family,2,1.5378370551321618,2014,930222.0
604.7237108112164,1.0,3,1916,Urban,9511.28332300254,0,1,2,0,0.5055087603898639,Condo,2,8.861712940559931,2014,955012.0
4165.10817165021,2.0,2,1975,Urban,8649.778343325957,1,0,1,0,0.14407878601319957,Duplex,2,4.585185621870154,2014,105636.0
1768.3464864802997,6.0,1,1945,Rural,7021.201035961975,0,0,1,0,0.6239984855289824,Duplex,2,5.645906389334635,,361578.0
1031.7417242974532,5.0,2,1931,Rural,5160.660049005465,0,0,1,1,0.27364041786077165,Single Family,2,6.630272037231474,2014,439273.0
3635.317244138678,3.0,2,1978,Suburban,4705.889874260576,1,0,2,1,0.4878343185440125,Townhouse,2,6.790666044956374,,383816.0
3330.2428105094777,3.0,3,1979,Rural,6858.761204358588,0,0,2,0,0.08227232427706188,Townhouse,2,9.317404033165083,2014,892244.0
4448.624060871738,6.0,2,1953,Suburban,5908.88682466215,0,0,1,1,0.45958405721362305,Duplex,2,9.969494174116697,2014,327693.0
3807.819697117486,6.0,3,1985,Suburban,1560.4579529369705,0,0,1,0,0.3064634680428203,Townhouse,2,7.201574609309402,2014,621393.0
4115.6641867318185,3.0,1,1991,Suburban,5612.523838932985,0,1,1,0,0.8223812111853543,Single Family,2,2.872212092051508,2014,150981.0
1769.1555765708792,3.0,3,1919,Rural,8257.632555095555,0,1,2,0,0.05697872699736828,Duplex,2,8.797524022943437,,678921.0
1298.4779470087528,2.0,1,1932,Urban,5133.158898372622,1,1,1,1,0.41860727491832994,Condo,1,0.49220914540761607,2014,117143.0
3877.7663823838625,4.0,3,1973,Suburban,1467.6091979884156,0,1,1,0,0.458431424131438,Condo,2,2.3108085287449622,2014,680222.0
4130.756326702688,5.0,4,1939,Urban,8076.503794456298,1,1,1,0,0.7250060762991187,Townhouse,2,8.973857174637148,,429478.0
4957.273139003029,1.0,4,1931,Urban,2812.2740392237693,1,0,1,1,0.574287575090211,Duplex,2,2.5619151443935495,,727751.0
2356.7795461014193,4.0,2,2013,Rural,3327.587513992349,0,0,2,1,0.667212337194181,Duplex,1,2.206510596217485,2014,225851.0
2174.0813860675244,6.0,3,1996,Urban,2482.357180890663,1,0,2,1,0.7770492856517561,Condo,2,1.3812529314024724,,653375.0
3993.858323338986,3.0,3,1901,Urban,3971.935583843478,0,0,1,0,0.8622029736581888,Duplex,1,8.591117576469165,,766978.0
2033.6159311385802,4.0,1,1996,Rural,7810.763551197715,1,0,1,0,0.3138754967224705,Duplex,2,5.000582591910867,,894878.0
4688.407965216042,5.0,2,1932,Suburban,5674.472735535436,1,1,2,1,0.538022705363903,Duplex,2,6.748932030541548,2014,988559.0
4362.857383293553,6.0,3,2004,Urban,2843.931467356413,0,1,2,0,0.8401080784391999,Townhouse,1,2.390663840750297,,411011.0
2430.4731231875826,1.0,2,1976,Rural,8900.470703368366,0,1,1,1,0.9894511309650564,Duplex,2,7.580404210112165,2014,544244.0
3878.9198050617383,1.0,4,1929,Urban,8916.236694563762,0,1,2,1,0.8895193110437631,Single Family,1,7.600055449620985,2014,946533.0
3895.4429333810704,5.0,3,1932,Urban,8835.205825414061,0,0,2,0,0.3714672626243768,Townhouse,1,3.1259802490830015,2014,258272.0
964.0574097616968,5.0,3,1976,Suburban,3149.1659024338537,0,0,1,0,0.19516651721865041,Duplex,2,4.1068263301028285,2014,326179.0
4561.48808005805,3.0,2,2015,Urban,5061.1540976288925,1,0,2,1,0.4893925374065887,Duplex,2,2.0969027743020083,,974506.0
2773.635676015357,1.0,3,1925,Rural,9864.906905267875,1,1,2,1,0.7416414518360422,Single Family,2,9.765610233229044,2014,816825.0
4219.058597484837,6.0,2,1921,Urban,7948.112286789913,1,0,1,1,0.4925690707532976,Townhouse,2,6.456025770584116,,602716.0
1940.2232046377528,4.0,3,2002,Suburban,1244.5067910300384,1,1,1,1,0.4831808633136685,Condo,1,9.345438807155155,2014,317508.0
4529.854528232902,6.0,1,1965,Suburban,1586.8413213444285,1,0,2,0,0.8382304210818006,Condo,1,3.033855436291332,,742710.0
2251.4075543037343,,2,1937,Rural,5175.3823913109945,1,0,1,1,0.36140377906718635,Townhouse,2,7.8189091299688975,2014,450036.0
548.7694316613427,2.0,3,2002,Suburban,9182.981852754041,1,1,2,1,0.8597946748116456,Duplex,1,7.65858643884742,,319631.0
4574.218893886687,5.0,4,1989,Urban,5848.316181574428,0,0,1,1,0.40680480095172356,Duplex,1,6.916556518665415,2014,482188.0
910.790045537601,3.0,3,1945,Suburban,5480.312572308612,0,0,2,0,0.3282331056783394,Condo,2,9.656389752668005,2014,139148.0
1936.9113691568668,2.0,4,2013,Rural,1949.2632996096754,1,1,1,0,0.453989911199699,Condo,1,3.9355533610631555,,969360.0
4775.278851728622,1.0,4,1914,Suburban,6911.020942518647,1,0,2,1,0.7624469586748684,Condo,1,1.307173235897573,2014,251770.0
4777.732161219003,6.0,1,1997,Suburban,8398.928445402029,0,1,2,0,0.12600202786399428,Single Family,2,6.717088592440607,2014,535686.0
3080.4704965547876,6.0,2,2005,Suburban,4423.780067568061,0,0,2,0,0.19641921587201738,Condo,1,7.2930980047720615,2014,585287.0
3343.267454764097,5.0,3,2018,Rural,7980.506658327948,0,0,1,0,0.951444825663092,Single Family,2,5.750605734588147,,938092.0
2518.004848902439,4.0,1,1943,Suburban,9680.289885107304,0,0,1,1,0.17549162738135737,Townhouse,1,2.0681789313339625,2014,921882.0
1819.4484726412904,5.0,3,1948,Suburban,2833.898132149202,1,0,2,1,0.5677273179310546,Duplex,2,5.044559416693554,2014,811823.0
1978.9904541646217,4.0,4,2003,Urban,5709.966680752672,0,0,2,0,0.5793144666619379,Condo,1,3.121897365691294,,395901.0
3526.333052346673,,2,1974,Rural,3584.2416227611798,1,0,1,1,0.4896244620502448,Duplex,1,4.27466528166689,,178012.0
3885.68538246956,5.0,3,1960,Suburban,8135.689771304555,1,0,1,1,0.6447452485768186,Duplex,2,6.452185758446639,,993182.0
4062.1056967663185,5.0,3,1966,Rural,6198.3402929304175,1,0,1,0,0.22982672579761843,Condo,2,7.452147426908345,,156116.0
4053.2816425754927,4.0,4,1905,Suburban,6711.241757952734,0,1,1,0,0.5526622677767482,Condo,2,2.3222469090134314,,244233.0
910.4274637191066,,3,1908,Suburban,8181.227436543047,0,1,1,1,0.37217325524689715,Townhouse,2,4.053253606469534,2014,132152.0
2724.8913711616165,5.0,3,1905,Suburban,4563.734253962094,1,0,1,0,0.661667259629189,Single Family,1,2.6916157099162916,2014,206379.0
759.0144200748992,2.0,4,1972,Urban,9235.81061566339,1,0,2,1,0.14122354337314946,Single Family,1,1.9863161386186912,2014,326905.0
2972.87997045681,3.0,1,2002,Urban,5797.25980521526,1,1,1,1,0.5708774168394762,Duplex,1,7.833872199958384,,120836.0
2486.8872561801963,3.0,4,1994,Urban,2421.5934055181324,0,0,2,0,0.1852703553833237,Condo,2,9.092526944369924,2014,321439.0
4494.668822412349,3.0,1,1931,Rural,7263.092063519222,1,0,1,1,0.2786430631150364,Townhouse,1,3.702321856845767,,286720.0
2079.1175564843543,4.0,2,1940,Rural,8139.35215394429,0,1,1,1,0.21870980032358323,Townhouse,1,7.512789243737669,,257403.0
1026.8015739242264,4.0,1,2013,Urban,3850.85509360774,1,0,2,0,0.1828377798688171,Townhouse,2,8.96995289364411,2014,241835.0
1143.4625692377613,2.0,1,1975,Rural,8714.613312988777,1,0,2,0,0.825710951560667,Townhouse,2,8.461242105302315,,955876.0
3926.7978427286253,3.0,2,1907,Suburban,9155.289292891897,1,1,1,0,0.28570756766089034,Townhouse,1,1.828133885392259,,717397.0
3281.981284923175,,1,1971,Suburban,3492.1403864002805,0,0,2,1,0.9271237818644493,Single Family,2,9.562918815133614,2014,250259.0
955.052042552556,5.0,4,1949,Suburban,9851.693254437,0,0,2,0,0.9699265253451909,Single Family,1,3.7667644042946247,,243029.0
878.4806275174885,4.0,1,1991,Urban,2266.403752438826,1,1,2,0,0.5712604699370973,Single Family,1,3.3924066117383633,,497595.0
3654.36109156604,3.0,2,1961,Rural,2818.1410156224097,0,0,2,0,0.1430011226657264,Condo,2,0.6243132727778034,2014,706306.0
827.4335286388709,6.0,4,1983,Urban,2658.023553142235,1,1,1,0,0.37454824337958126,Duplex,1,4.86173654104883,,747364.0
4198.3702668066035,2.0,2,1961,Rural,9045.907390070834,0,0,2,1,0.797732263348214,Townhouse,2,1.090136156409287,,782465.0
3678.090022204233,6.0,2,2010,Suburban,6888.632970924657,0,0,1,1,0.36739072869707046,Condo,2,2.48539820927426,2014,494093.0
866.069512888549,6.0,3,1906,Urban,2368.938549000456,0,1,1,0,0.08701721830278875,Townhouse,1,3.1694262176728136,2014,803713.0
881.7697133833636,2.0,3,1974,Rural,4962.91076531514,1,1,1,1,0.5567849109281879,Single Family,1,8.088263234916841,2014,970220.0
4939.87810325529,6.0,2,1983,Rural,6537.6822256282185,0,0,1,0,0.8451208514960348,Condo,1,8.754886503958964,2014,983302.0
2184.2185809025414,3.0,2,1979,Suburban,1751.1767649044496,0,1,2,0,0.7959263871435024,Single Family,2,3.024663174614697,,839945.0
2167.8896618010094,4.0,2,1903,Urban,8941.747315666049,1,1,2,1,0.17512314013035324,Townhouse,1,8.586981212445739,,445452.0
4157.598052658761,2.0,3,1905,Urban,8232.431818973817,1,0,1,1,0.6727646144124667,Townhouse,2,8.57230937369791,2014,544783.0
4762.618598227365,,3,1957,Urban,5546.860962189744,1,0,1,0,0.2205042634356471,Duplex,2,7.646509503848735,,420057.0
4937.004787202919,6.0,1,1921,Suburban,9704.139537332534,1,0,1,0,0.21820753455217223,Townhouse,1,1.4669511401518154,,626925.0
3890.2018336652372,2.0,1,1925,Urban,4759.848813475897,0,1,1,1,0.8740717733051852,Single Family,2,6.90322846900729,2014,565994.0
2193.1681348891207,1.0,2,1902,Suburban,9856.99287132848,0,1,2,0,0.24966895274023015,Townhouse,1,9.450240645805687,2014,928457.0
875.7532251440094,1.0,4,1940,Suburban,7011.279989232644,0,1,1,1,0.2632473465180112,Duplex,1,6.82540478767157,,862277.0
3997.1611216734655,4.0,4,1959,Suburban,6712.041459285473,0,1,2,0,0.0006533907612995549,Duplex,1,3.3161684910783396,2014,1284820.5
3012.8191238111226,3.0,3,2005,Rural,2493.594057662065,0,0,1,0,0.8706690341255177,Single Family,1,5.005793174308312,2014,461652.0
2408.9990416113933,4.0,3,1913,Urban,8937.349824741796,1,1,1,1,0.7925948132091347,Condo,1,6.457250433510536,2014,706752.0
4578.594732926312,4.0,3,1974,Urban,4847.407191285536,0,0,1,1,0.627328935090678,Townhouse,1,5.105704087285035,,390886.0
1000.388670377681,4.0,2,1981,Suburban,2460.1006520423143,0,1,1,1,0.7502657639388423,Duplex,1,1.1995294173096982,2014,636119.0
2716.8129693088663,4.0,4,2017,Suburban,1113.4676797818313,0,0,2,1,0.1520485674244918,Townhouse,2,3.1206404465202064,,213768.0
551.0914014533859,5.0,1,1911,Urban,6037.801152745443,1,0,2,1,0.45832359458757543,Townhouse,1,8.023960305536326,,871271.0
2608.9728889735684,5.0,2,1986,Suburban,5746.596599104087,1,0,2,1,0.3512193873487809,Condo,2,8.614180460955174,,447236.0
753.3647405682681,2.0,1,1911,Urban,7474.182601322427,0,1,1,1,0.09377652625701649,Duplex,2,1.3730003271557023,2014,977311.0
1034.6806232063236,1.0,1,1912,Rural,9012.322477160218,1,0,1,0,0.4861304852149241,Townhouse,2,9.523867523987246,2014,974802.0
1028.868110496972,4.0,2,1924,Suburban,1714.6592617872657,1,0,2,0,0.9207396503426354,Duplex,1,3.2882261784860933,2014,729112.0
3421.446359522286,2.0,1,1944,Urban,7583.468413063261,1,1,2,0,0.04005911905069448,Single Family,2,6.6231373873071995,2014,188741.0
3857.201956694405,1.0,4,2014,Suburban,2686.70749687824,1,0,1,1,0.2914609134937939,Single Family,2,7.5182514595668115,2014,118830.0
3125.1594429372185,6.0,1,1918,Urban,8723.593478414476,1,1,1,1,0.20754093620570346,Townhouse,1,8.119462346378834,,417188.0
4829.776468135438,3.0,4,1954,Urban,8371.571624754906,1,1,2,1,0.23814665366569632,Duplex,1,9.457497022259302,,960380.0
2186.9176078566684,5.0,4,2009,Suburban,5867.1437948698995,1,0,1,0,0.9084345518793753,Townhouse,2,3.1291954802882262,,169202.0
1785.7043882683734,6.0,4,1999,Rural,7392.1851876098035,0,0,1,1,0.4680690542342901,Duplex,1,8.585064545515545,2014,399189.0
4408.696076852571,1.0,3,1944,Urban,3829.1510186537357,0,1,2,1,0.4662994129398188,Duplex,1,1.3168690343620704,,317394.0
1506.1812733375368,6.0,1,1907,Urban,5240.511090395332,1,0,1,0,0.7605756424552823,Condo,1,7.050409063535927,,610473.0
4834.501427482751,3.0,2,1992,Urban,8394.732079394245,0,1,2,1,0.1544922040049258,Condo,1,7.419777295139859,2014,302123.0
554.6951361041736,1.0,2,2018,Rural,5133.386774558925,0,1,1,0,0.4872653541000508,Condo,2,6.777232412013205,2014,993941.0
4864.454720184375,6.0,1,1952,Rural,4220.184387928976,1,1,2,0,0.4299852141210597,Townhouse,1,2.52314736135153,,257699.0
694.2196037775925,5.0,3,1954,Suburban,5447.912025252699,0,0,1,1,0.5969106905466561,Condo,1,8.730431470152034,,377342.0
4510.14401164132,5.0,3,1931,Rural,8454.243271934965,1,1,2,1,0.9995577032504386,Condo,1,1.68858463370395,2014,955953.0
2874.6549908883494,2.0,4,1950,Suburban,4016.8724263378544,1,0,2,1,0.7694488940820471,Single Family,2,0.5363479152083084,2014,604655.0
4968.341582536851,6.0,1,1943,Suburban,2563.854338221694,1,0,2,0,0.3978657030174272,Duplex,2,7.174649906119122,2014,730759.0
832.0845413092949,4.0,1,1981,Rural,7408.1261829770265,0,0,2,0,0.827553052274047,Duplex,1,4.754757152327337,2014,915907.0
2992.3442798059436,6.0,2,1969,Suburban,8433.803914372736,0,0,1,0,0.17070836331248018,Condo,1,8.49098019958676,,336824.0
4861.861410285946,1.0,1,1917,Rural,1905.7373067118,0,1,1,1,0.030463686308960125,Duplex,2,3.8339714105825893,,612214.0
2853.9402987656695,1.0,3,1982,Suburban,3158.8670148035026,0,0,2,1,0.20444837246427305,Single Family,1,1.6827858850771282,2014,119403.0
3332.2938716086815,6.0,1,1921,Rural,2277.747907848945,1,1,1,1,0.34041155611425966,Single Family,1,8.364421924698696,,103681.0
3630.869100430777,3.0,2,1936,Rural,4131.4727042395,1,1,1,1,0.5105807574595599,Condo,2,5.489096316400717,,453699.0
2545.43479145498,5.0,4,1995,Suburban,5053.158810148714,0,0,1,0,0.6151291405411998,Single Family,1,1.8919579239035489,2014,979554.0
3324.0113603782856,1.0,2,1955,Urban,7739.437032669758,1,1,1,0,0.9106057172144217,Duplex,1,7.203839985864457,,739548.0
3129.414403653951,5.0,2,2004,Suburban,6860.328263935067,1,1,1,0,0.5098540095504577,Townhouse,2,5.111136384895005,,797652.0
4555.21104720945,1.0,4,1958,Rural,6588.35710730588,0,0,2,0,0.5012756446257294,Duplex,2,6.043129822403198,,1094511.0
704.5087115365604,2.0,2,1902,Urban,4171.37451948689,1,1,2,1,0.05024300982298213,Townhouse,1,4.608983382065819,2014,857666.0
1764.3343531650364,4.0,2,1927,Suburban,8573.027977762838,0,1,2,1,0.03491155265622381,Condo,2,8.287089838180064,2014,498845.0
4776.851678344514,1.0,1,1973,Suburban,5241.584506583481,1,1,2,1,0.5511599619163721,Townhouse,1,8.295627156830498,,193246.0
4506.187027509123,5.0,1,2014,Suburban,9811.944442136391,0,1,1,0,0.4381786132483445,Single Family,1,7.093888218243862,2014,195864.0
2550.4553875357083,2.0,4,1934,Urban,6707.279244661631,1,0,1,0,0.8391803949802986,Duplex,1,1.0540137739646227,2014,308886.0
3290.5966901069155,1.0,1,1960,Rural,2136.3826740805243,1,1,2,1,0.16067958471184518,Townhouse,2,8.388538619040688,2014,555841.5
1748.2153234150971,3.0,1,1992,Suburban,7085.598058678906,0,1,1,1,0.024971662117049598,Duplex,2,6.710129805329098,,481032.0
1346.5452187569258,4.0,2,1953,Suburban,3925.936138885291,0,1,1,0,0.44903876793012587,Condo,1,6.970241660042995,,265837.0
2586.6428222299196,1.0,3,1962,Suburban,7176.944770174877,0,1,2,1,0.23747855675225749,Condo,1,3.629828404038716,2014,960931.0
2090.0850261172377,2.0,1,1978,Suburban,1626.7703334616517,0,0,1,0,0.04961437333883745,Single Family,2,8.792795561570067,,345160.0
3126.452503328924,3.0,3,1996,Suburban,2573.9329345836345,1,1,2,0,0.724598286847629,Condo,2,7.2537160023485745,,287646.0
849.8058663424317,6.0,1,1906,Rural,8701.635330152076,1,0,2,0,0.11159299995724747,Townhouse,2,1.1259046652919447,,583761.0
4884.776634497749,2.0,1,1975,Rural,3044.616013211634,0,1,1,1,0.6083195000077717,Condo,1,4.077780344061627,,883566.0
4937.948350158213,2.0,4,1948,Suburban,8533.37012718646,1,0,1,1,0.28104975016688916,Single Family,2,8.863803619601416,,914107.0
1989.0411118369213,4.0,3,1975,Urban,1987.6257880975315,1,1,1,0,0.391859373188026,Duplex,2,3.5472855673021266,,115116.0
1633.0203312141387,4.0,3,1952,Rural,7923.008330543203,1,0,1,0,0.005313475668345946,Duplex,1,0.40285518777998464,2014,935726.0
1346.5452187569258,4.0,2,1953,Suburban,3925.936138885291,0,1,1,0,0.44903876793012587,Condo,1,6.970241660042995,,265837.0
1963.9864884346896,1.0,2,1902,Suburban,8979.4379371642,1,0,1,1,0.23420337092633414,Duplex,2,3.1577315124949603,,666605.0
1499.485147118286,,4,1991,Rural,2666.7601108072113,1,1,2,1,0.06871367772396098,Condo,2,6.300931268616634,2014,789925.0
4397.7926559872085,4.0,4,1969,Suburban,8402.325072709249,0,1,1,1,0.24995694639762123,Condo,1,3.152394346494508,2014,899448.0
1614.7894527552087,6.0,2,1914,Urban,7834.584361761674,0,0,2,0,0.622630533598658,Townhouse,2,2.856259885622431,2014,994230.0
3025.747389062733,5.0,3,1978,Rural,4550.286507130318,0,1,2,1,0.6886316293078756,Duplex,1,9.405039528794026,,813806.0
2883.4276026020293,5.0,3,2011,Urban,9862.027655720574,1,1,1,1,0.9390684794502916,Single Family,1,2.2677262531964573,,495460.0
922.9187292839106,3.0,2,1905,Rural,8070.864562722088,1,0,1,1,0.6486389567688156,Condo,2,5.485884150546885,,739207.0
